id,name,title,department
1,qac,46a,3gO
2,57y,JrX,FnI
3,2sF,jrE,wO4
4,UQK,pof,yqb
5,0Jt,vxH,08J
6,4U0,btt,pFk
7,uIO,vIj,YwH
8,l5r,5Mk,ceO
9,7L8,Qiq,Uex
10,NT9,BEG,kCq
11,FTJ,Ind,KN2
12,l9O,mBL,lB5
13,LcF,lbJ,BB7
14,bM6,lnx,KID
15,TPA,DCD,2x2
16,cCc,lIP,oUo
17,lEp,kr5,bI0
18,mzz,4V2,gBy
19,VK1,57E,AhK
20,b4z,yKG,p6S
21,Hl0,aWq,zxp
22,4Hl,S6w,FnC
23,Bam,bkf,o0c
24,p9O,rsb,uqa
25,kiU,MWY,jcg
26,Krk,p10,nWn
27,Juh,D9G,vQ3
28,0dQ,Gvz,39C
29,JOF,nos,0Mw
30,CW6,LZi,TtX
31,ixT,QiM,Hma
32,x4c,m38,cAQ
33,3Hs,0A3,YlS
34,OPp,2JW,Jwm
35,BFL,BVp,WuR
36,Azq,s6L,4I3
37,E1K,CDj,NRr
38,RC4,76Y,jPb
39,2vV,rOU,pUV
40,ABZ,sA8,rMH
41,LEB,UV0,Nql
42,yAI,Zg4,onH
43,6Fr,1G1,A3N
44,Azi,auQ,iXg
45,Ulb,tL4,o4q
46,xnN,xks,k4b
47,KdL,HKP,JPr
48,Lu8,Bz7,LBM
49,v1v,C1R,XKD
50,PY7,kUG,TCy
51,Sns,uew,rXe
52,54Z,xRz,JaG
53,hVy,rkw,SR9
54,fhq,Fer,Jr8
55,6It,qBM,PGC
56,PV4,1Vn,9b5
57,8Li,Lum,3O5
58,ZbI,EyS,Eru
59,C8w,FKc,rsC
60,5uK,bKF,eMU
61,jbl,qLP,Ue2
62,MF8,OSa,Nm7
63,4ZL,Oo1,tIM
64,B4h,zeC,fgZ
65,N1b,uUU,5cP
66,K4j,EYy,QHX
67,3Pi,GrY,8k1
68,m5S,0xG,5me
69,JsS,yzw,BAa
70,jH0,wFg,Vfg
71,RNB,1D2,VjE
72,YtD,Vte,7nC
73,Wga,dee,0uL
74,ZBT,O7t,xhH
75,BgC,rJN,RZJ
76,Nw8,ZMm,Dum
77,UJK,wuA,Hi4
78,aIZ,5Zd,QAv
79,J2Y,M8y,DYf
80,yiQ,n9G,qr8
81,TIr,A3d,aRk
82,e5M,cLo,0WO
83,Uut,k2l,fnt
84,5WC,tkP,7OZ
85,uZp,0xf,VYr
86,ec4,R4l,gK3
87,uvP,31k,p9I
88,Ax7,h0J,uEZ
89,mq5,6NB,XeY
90,S5n,Vna,exb
91,CjX,4J0,jfz
92,SKk,MKo,1eS
93,aM3,OQ7,POW
94,fNj,g9z,H2l
95,zw1,gMh,FPZ
96,sen,USg,v1M
97,8Ki,th5,eKD
98,pmU,bki,H1q
99,dgM,kXc,mfi
