id,name,title,department,count,latest,earliest
89,mq5,6NB,XeY,2,1970-02-15T11:46:45,1970-02-02T20:29:53
18,mzz,4V2,gBy,3,1970-02-16T09:50:18,1970-01-04T04:09:24
2,57y,JrX,FnI,4,1970-02-20T20:07:47,1970-01-16T19:50:17
23,Bam,bkf,o0c,4,1970-02-28T02:37:28,1970-01-01T23:53:03
55,6It,qBM,PGC,5,1970-02-21T00:02:29,1970-01-10T00:26:13
8,l5r,5Mk,ceO,6,1970-01-31T23:00:56,1970-01-05T08:47:01
30,CW6,LZi,TtX,6,1970-02-26T20:19:34,1970-01-11T23:20:38
31,ixT,QiM,Hma,6,1970-02-17T22:47:10,1970-01-10T07:42:51
32,x4c,m38,cAQ,6,1970-02-14T05:28:24,1970-01-05T00:32:07
42,yAI,Zg4,onH,6,1970-02-22T21:13:35,1970-01-12T13:03:54
76,Nw8,ZMm,Dum,6,1970-02-27T16:08:12,1970-01-04T17:57:46
82,e5M,cLo,0WO,6,1970-02-24T00:52:39,1970-01-04T13:09:52
21,Hl0,aWq,zxp,7,1970-02-19T13:05:49,1970-01-02T05:34:00
25,kiU,MWY,jcg,7,1970-02-25T15:53:34,1970-01-16T19:58:57
26,Krk,p10,nWn,7,1970-02-18T04:57:21,1970-01-02T05:49:10
27,Juh,D9G,vQ3,7,1970-02-22T08:25:42,1970-01-11T09:05:41
34,OPp,2JW,Jwm,7,1970-02-15T20:00:13,1970-01-14T16:20:44
37,E1K,CDj,NRr,7,1970-02-22T19:46:34,1970-01-28T17:02:13
48,Lu8,Bz7,LBM,7,1970-02-28T05:17:56,1970-01-16T19:05:04
60,5uK,bKF,eMU,7,1970-02-20T21:32:58,1970-01-04T05:55:08
15,TPA,DCD,2x2,8,1970-02-26T16:42:46,1970-01-07T22:37:01
16,cCc,lIP,oUo,8,1970-02-28T06:58:12,1970-01-08T12:56:57
22,4Hl,S6w,FnC,8,1970-02-27T14:24:45,1970-01-09T01:50:33
41,LEB,UV0,Nql,8,1970-02-17T05:55:03,1970-01-20T09:52:56
58,ZbI,EyS,Eru,8,1970-02-26T03:30:38,1970-01-04T22:22:48
62,MF8,OSa,Nm7,8,1970-02-10T06:03:53,1970-01-19T08:17:11
63,4ZL,Oo1,tIM,8,1970-02-19T23:58:38,1970-01-02T23:49:04
75,BgC,rJN,RZJ,8,1970-02-28T17:07:52,1970-01-05T10:03:56
77,UJK,wuA,Hi4,8,1970-02-27T02:07:45,1970-01-03T12:31:17
78,aIZ,5Zd,QAv,8,1970-02-26T09:52:18,1970-01-02T19:12:59
79,J2Y,M8y,DYf,8,1970-02-24T21:32:46,1970-01-02T15:12:10
84,5WC,tkP,7OZ,8,1970-02-07T17:59:31,1970-01-05T02:32:20
96,sen,USg,v1M,8,1970-02-17T14:36:03,1970-01-01T17:21:51
97,8Ki,th5,eKD,8,1970-02-26T14:16:07,1970-01-15T08:55:59
6,4U0,btt,pFk,9,1970-02-12T17:10:40,1970-01-12T05:45:32
36,Azq,s6L,4I3,9,1970-02-24T11:22:33,1970-01-10T08:25:35
40,ABZ,sA8,rMH,9,1970-02-22T04:04:28,1970-01-04T23:55:36
44,Azi,auQ,iXg,9,1970-02-15T15:16:12,1970-01-04T15:56:40
50,PY7,kUG,TCy,9,1970-02-20T17:27:10,1970-01-11T01:17:27
61,jbl,qLP,Ue2,9,1970-02-27T21:47:55,1970-01-14T14:41:55
88,Ax7,h0J,uEZ,9,1970-02-25T05:45:11,1970-01-02T02:13:25
91,CjX,4J0,jfz,9,1970-02-16T00:31:03,1970-01-02T04:38:37
92,SKk,MKo,1eS,9,1970-02-16T15:26:14,1970-01-02T16:44:07
11,FTJ,Ind,KN2,10,1970-02-28T10:04:14,1970-01-01T21:08:43
13,LcF,lbJ,BB7,10,1970-02-27T23:22:44,1970-01-12T04:16:05
43,6Fr,1G1,A3N,10,1970-02-24T23:31:09,1970-01-10T23:32:41
51,Sns,uew,rXe,10,1970-02-25T04:18:59,1970-01-01T13:25:55
59,C8w,FKc,rsC,10,1970-02-23T00:43:37,1970-01-05T06:08:43
65,N1b,uUU,5cP,10,1970-02-19T18:50:59,1970-01-06T09:21:48
71,RNB,1D2,VjE,10,1970-02-23T21:07:23,1970-01-06T21:38:38
90,S5n,Vna,exb,10,1970-02-26T01:30:33,1970-01-03T21:57:15
98,pmU,bki,H1q,10,1970-02-24T04:53:12,1970-01-18T13:26:28
99,dgM,kXc,mfi,10,1970-02-28T15:32:56,1970-01-02T07:15:51
9,7L8,Qiq,Uex,11,1970-02-19T21:36:32,1970-01-11T16:45:17
10,NT9,BEG,kCq,11,1970-02-25T17:54:23,1970-01-05T05:03:00
14,bM6,lnx,KID,11,1970-02-22T12:29:31,1970-01-03T08:18:54
17,lEp,kr5,bI0,11,1970-02-23T17:02:18,1970-01-01T12:21:56
19,VK1,57E,AhK,11,1970-02-24T12:35:12,1970-01-06T01:22:59
20,b4z,yKG,p6S,11,1970-02-12T06:38:21,1970-01-03T23:35:06
29,JOF,nos,0Mw,11,1970-02-23T11:31:11,1970-01-12T08:12:07
38,RC4,76Y,jPb,11,1970-02-20T02:03:03,1970-01-04T21:57:54
49,v1v,C1R,XKD,11,1970-02-26T03:28:00,1970-01-05T16:02:59
53,hVy,rkw,SR9,11,1970-02-25T22:31:19,1970-01-09T04:19:45
66,K4j,EYy,QHX,11,1970-02-27T05:41:16,1970-01-02T12:13:51
67,3Pi,GrY,8k1,11,1970-02-27T21:03:47,1970-01-04T20:24:44
1,qac,46a,3gO,12,1970-02-21T14:57:05,1970-01-07T02:44:09
3,2sF,jrE,wO4,12,1970-02-27T01:23:44,1970-01-07T15:14:46
12,l9O,mBL,lB5,12,1970-02-25T00:27:59,1970-01-05T15:43:04
28,0dQ,Gvz,39C,12,1970-02-27T07:46:25,1970-01-01T18:27:40
35,BFL,BVp,WuR,12,1970-02-21T04:57:47,1970-01-03T18:30:29
46,xnN,xks,k4b,12,1970-02-28T11:09:21,1970-01-02T01:57:12
54,fhq,Fer,Jr8,12,1970-02-24T16:35:54,1970-01-07T19:56:25
56,PV4,1Vn,9b5,12,1970-02-25T09:19:36,1970-01-03T20:55:57
64,B4h,zeC,fgZ,12,1970-02-26T12:06:40,1970-01-02T09:15:43
69,JsS,yzw,BAa,12,1970-02-28T08:29:02,1970-01-02T05:37:15
70,jH0,wFg,Vfg,12,1970-02-27T21:43:46,1970-01-03T04:00:42
80,yiQ,n9G,qr8,12,1970-02-26T08:55:54,1970-01-03T06:40:42
86,ec4,R4l,gK3,12,1970-02-25T20:48:10,1970-01-07T18:01:34
95,zw1,gMh,FPZ,12,1970-02-27T12:06:06,1970-01-02T11:21:34
4,UQK,pof,yqb,13,1970-02-26T03:54:54,1970-01-04T07:12:44
5,0Jt,vxH,08J,13,1970-02-25T01:34:25,1970-01-01T09:46:10
7,uIO,vIj,YwH,13,1970-02-28T03:03:16,1970-01-05T14:28:21
24,p9O,rsb,uqa,13,1970-02-21T02:48:43,1970-01-03T02:09:05
52,54Z,xRz,JaG,13,1970-02-27T21:59:42,1970-01-05T21:24:20
57,8Li,Lum,3O5,13,1970-02-22T10:28:58,1970-01-05T14:08:00
68,m5S,0xG,5me,13,1970-02-19T14:12:40,1970-01-02T21:48:42
73,Wga,dee,0uL,13,1970-02-24T16:29:14,1970-01-03T18:16:49
81,TIr,A3d,aRk,13,1970-02-26T18:43:34,1970-01-06T07:18:24
87,uvP,31k,p9I,13,1970-02-27T03:13:12,1970-01-08T08:31:46
94,fNj,g9z,H2l,13,1970-02-23T23:12:26,1970-01-02T03:44:58
83,Uut,k2l,fnt,14,1970-02-27T20:27:57,1970-01-02T22:46:07
85,uZp,0xf,VYr,14,1970-02-24T07:02:54,1970-01-01T09:09:40
93,aM3,OQ7,POW,14,1970-02-27T17:46:41,1970-01-07T05:57:56
39,2vV,rOU,pUV,15,1970-02-20T15:40:20,1970-01-03T17:43:31
33,3Hs,0A3,YlS,17,1970-02-22T05:56:18,1970-01-02T09:09:01
45,Ulb,tL4,o4q,18,1970-02-28T12:56:24,1970-01-01T13:46:19
47,KdL,HKP,JPr,18,1970-02-20T15:08:15,1970-01-03T15:43:35
72,YtD,Vte,7nC,18,1970-02-26T00:15:39,1970-01-03T17:19:32
74,ZBT,O7t,xhH,20,1970-02-18T20:54:29,1970-01-01T15:11:36
